<?xml version="1.0" encoding="utf-8"?>
<!--/18869680/1244191/2.50/15/4/Integrated Circuit/-->
<quadcept_library>
  <setting unit="mil" />
  <textstyle name="Default" height="47.244094488189" strokewidth="7.8740157480315" charwidth="47.244094488189" />
  <textstyle name="Dimension" height="19.6850393700787" strokewidth="0" charwidth="19.6850393700787" />
  <textstyle name="H127W0635TH00762" height="50" strokewidth="3" charwidth="25" />
  <textstyle name="H15W15TH02" height="59.0551181102362" strokewidth="7.8740157480315" charwidth="59.0551181102362" />
  <padstyle name="r60_24" surface="True" plated="False" isvia="False" nopaste="False" nomask="True" complex="False" holesize="0">
    <padshape layer="TOP" shape="rectangle" width="9.4488188976377" height="23.622047244094" />
    <padshape layer="TOP_SOLDER_MASK" shape="rectangle" width="17.322834645669" height="31.496062992126" />
    <padshape layer="TOP_SOLDER_PASTE" shape="rectangle" width="9.4488188976377" height="23.622047244094" />
  </padstyle>
  <padstyle name="r240_165" surface="True" plated="False" isvia="False" nopaste="False" nomask="True" complex="False" holesize="0">
    <padshape layer="TOP" shape="rectangle" width="64.960629921259" height="94.488188976377" />
    <padshape layer="TOP_SOLDER_MASK" shape="rectangle" width="72.83464566929" height="102.36220472441" />
    <padshape layer="TOP_SOLDER_PASTE" shape="rectangle" width="64.960629921259" height="94.488188976377" />
  </padstyle>
  <padstyle name="r50_25" surface="True" plated="False" isvia="False" nopaste="False" nomask="True" complex="False" holesize="0">
    <padshape layer="TOP" shape="rectangle" width="9.8425196850392" height="19.685039370078" />
    <padshape layer="TOP_SOLDER_MASK" shape="rectangle" width="17.716535433071" height="27.55905511811" />
    <padshape layer="TOP_SOLDER_PASTE" shape="rectangle" width="9.8425196850392" height="19.685039370078" />
  </padstyle>
  <footprint name="TPS63002DRCT" originx="0" originy="0" pickpointx="0" pickpointy="0">
    <pcbpin number="1" name="1" style="r60_24" originx="-55.11811023622" originy="39.370078740157" rotation="90" />
    <pcbpin number="2" name="2" style="r60_24" originx="-55.11811023622" originy="19.685039370078" rotation="90" />
    <pcbpin number="3" name="3" style="r60_24" originx="-55.11811023622" originy="0" rotation="90" />
    <pcbpin number="4" name="4" style="r60_24" originx="-55.11811023622" originy="-19.685039370078" rotation="90" />
    <pcbpin number="5" name="5" style="r60_24" originx="-55.11811023622" originy="-39.370078740157" rotation="90" />
    <pcbpin number="6" name="6" style="r60_24" originx="55.11811023622" originy="-39.370078740157" rotation="90" />
    <pcbpin number="7" name="7" style="r60_24" originx="55.11811023622" originy="-19.685039370078" rotation="90" />
    <pcbpin number="8" name="8" style="r60_24" originx="55.11811023622" originy="0" rotation="90" />
    <pcbpin number="9" name="9" style="r60_24" originx="55.11811023622" originy="19.685039370078" rotation="90" />
    <pcbpin number="10" name="10" style="r60_24" originx="55.11811023622" originy="39.370078740157" rotation="90" />
    <pcbpin number="11" name="11" style="r240_165" originx="0" originy="0" rotation="0" />
    <pcbpin number="12" name="12" style="r50_25" originx="-9.8425196850392" originy="-57.086614173228" rotation="0" />
    <pcbpin number="13" name="13" style="r50_25" originx="9.8425196850392" originy="-57.086614173228" rotation="0" />
    <pcbpin number="14" name="14" style="r50_25" originx="9.8425196850392" originy="57.086614173228" rotation="0" />
    <pcbpin number="15" name="15" style="r50_25" originx="-9.8425196850392" originy="57.086614173228" rotation="0" />
    <line layer="TOP_ASSEMBLY" originx="-59.055118110235" originy="59.055118110235" endx="59.055118110235" endy="59.055118110235" width="3.9370078740157" />
    <line layer="TOP_ASSEMBLY" originx="59.055118110235" originy="59.055118110235" endx="59.055118110235" endy="-59.055118110235" width="3.9370078740157" />
    <line layer="TOP_ASSEMBLY" originx="59.055118110235" originy="-59.055118110235" endx="-59.055118110235" endy="-59.055118110235" width="3.9370078740157" />
    <line layer="TOP_ASSEMBLY" originx="-59.055118110235" originy="-59.055118110235" endx="-59.055118110235" endy="59.055118110235" width="3.9370078740157" />
    <line layer="TOP_PLACE_BOUND" originx="-106.29921259842" originy="106.29921259842" endx="106.29921259842" endy="106.29921259842" width="3.9370078740157" />
    <line layer="TOP_PLACE_BOUND" originx="106.29921259842" originy="106.29921259842" endx="106.29921259842" endy="-106.29921259842" width="3.9370078740157" />
    <line layer="TOP_PLACE_BOUND" originx="106.29921259842" originy="-106.29921259842" endx="-106.29921259842" endy="-106.29921259842" width="3.9370078740157" />
    <line layer="TOP_PLACE_BOUND" originx="-106.29921259842" originy="-106.29921259842" endx="-106.29921259842" endy="106.29921259842" width="3.9370078740157" />
    <line layer="TOP_SILKSCREEN" originx="-78.740157480314" originy="39.370078740157" endx="-78.740157480314" endy="39.370078740157" width="3.9370078740157" />
    <arc layer="TOP_SILKSCREEN" originx="-80.708661417322" originy="39.370078740157" startangle=".0" sweepangle="180.0" radius="1.9685039370079" width="3.9370078740157" />
    <line layer="TOP_SILKSCREEN" originx="-82.67716535433" originy="39.370078740157" endx="-82.67716535433" endy="39.370078740157" width="3.9370078740157" />
    <arc layer="TOP_SILKSCREEN" originx="-80.708661417322" originy="39.370078740157" startangle="180.0" sweepangle="180.0" radius="1.9685039370079" width="3.9370078740157" />
    <line layer="TOP_SILKSCREEN" originx="23.622047244094" originy="59.055118110235" endx="59.055118110235" endy="59.055118110235" width="7.8740157480314" />
    <line layer="TOP_SILKSCREEN" originx="23.622047244094" originy="-59.055118110235" endx="59.055118110235" endy="-59.055118110235" width="7.8740157480314" />
    <line layer="TOP_SILKSCREEN" originx="-23.622047244094" originy="59.055118110235" endx="-59.055118110235" endy="59.055118110235" width="7.8740157480314" />
    <line layer="TOP_SILKSCREEN" originx="-23.622047244094" originy="-59.055118110235" endx="-59.055118110235" endy="-59.055118110235" width="7.8740157480314" />
  </footprint>
  <symbol name="TPS63001DRC" originx="0" originy="0">
    <line originx="200" originy="500" endx="1200" endy="500" width="0" />
    <line originx="1200" originy="-900" endx="1200" endy="500" width="0" />
    <line originx="1200" originy="-900" endx="200" endy="-900" width="0" />
    <line originx="200" originy="500" endx="200" endy="-900" width="0" />
    <sympin number="1" originx="200" originy="0" rotation="180" length="100" width="7.8740157480315" flipped="False">
      <text name="pinname" originx="230" originy="0" style="Default" rotation="0" justify="left" flipped="False" hidden="False" data="VOUT" />
      <text name="pindes" originx="140" originy="20" style="Default" rotation="0" justify="lowerright" flipped="False" hidden="False" data="1" />
    </sympin>
    <sympin number="2" originx="200" originy="-100" rotation="180" length="100" width="7.8740157480315" flipped="False">
      <text name="pinname" originx="230" originy="-100" style="Default" rotation="0" justify="left" flipped="False" hidden="False" data="L2" />
      <text name="pindes" originx="140" originy="-80" style="Default" rotation="0" justify="lowerright" flipped="False" hidden="False" data="2" />
    </sympin>
    <sympin number="3" originx="200" originy="-200" rotation="180" length="100" width="7.8740157480315" flipped="False">
      <text name="pinname" originx="230" originy="-200" style="Default" rotation="0" justify="left" flipped="False" hidden="False" data="PGND_1" />
      <text name="pindes" originx="140" originy="-180" style="Default" rotation="0" justify="lowerright" flipped="False" hidden="False" data="3" />
    </sympin>
    <sympin number="4" originx="200" originy="-300" rotation="180" length="100" width="7.8740157480315" flipped="False">
      <text name="pinname" originx="230" originy="-300" style="Default" rotation="0" justify="left" flipped="False" hidden="False" data="L1" />
      <text name="pindes" originx="140" originy="-280" style="Default" rotation="0" justify="lowerright" flipped="False" hidden="False" data="4" />
    </sympin>
    <sympin number="5" originx="200" originy="-400" rotation="180" length="100" width="7.8740157480315" flipped="False">
      <text name="pinname" originx="230" originy="-400" style="Default" rotation="0" justify="left" flipped="False" hidden="False" data="VIN" />
      <text name="pindes" originx="140" originy="-380" style="Default" rotation="0" justify="lowerright" flipped="False" hidden="False" data="5" />
    </sympin>
    <sympin number="6" originx="1200" originy="-400" rotation="0" length="100" width="7.8740157480315" flipped="False">
      <text name="pinname" originx="1170" originy="-400" style="Default" rotation="0" justify="right" flipped="False" hidden="False" data="EN" />
      <text name="pindes" originx="1260" originy="-380" style="Default" rotation="0" justify="lowerleft" flipped="False" hidden="False" data="6" />
    </sympin>
    <sympin number="7" originx="1200" originy="-300" rotation="0" length="100" width="7.8740157480315" flipped="False">
      <text name="pinname" originx="1170" originy="-300" style="Default" rotation="0" justify="right" flipped="False" hidden="False" data="PS/SYNC" />
      <text name="pindes" originx="1260" originy="-280" style="Default" rotation="0" justify="lowerleft" flipped="False" hidden="False" data="7" />
    </sympin>
    <sympin number="8" originx="1200" originy="-200" rotation="0" length="100" width="7.8740157480315" flipped="False">
      <text name="pinname" originx="1170" originy="-200" style="Default" rotation="0" justify="right" flipped="False" hidden="False" data="VINA" />
      <text name="pindes" originx="1260" originy="-180" style="Default" rotation="0" justify="lowerleft" flipped="False" hidden="False" data="8" />
    </sympin>
    <sympin number="9" originx="1200" originy="-100" rotation="0" length="100" width="7.8740157480315" flipped="False">
      <text name="pinname" originx="1170" originy="-100" style="Default" rotation="0" justify="right" flipped="False" hidden="False" data="GND" />
      <text name="pindes" originx="1260" originy="-80" style="Default" rotation="0" justify="lowerleft" flipped="False" hidden="False" data="9" />
    </sympin>
    <sympin number="10" originx="1200" originy="0" rotation="0" length="100" width="7.8740157480315" flipped="False">
      <text name="pinname" originx="1170" originy="0" style="Default" rotation="0" justify="right" flipped="False" hidden="False" data="FB" />
      <text name="pindes" originx="1260" originy="20" style="Default" rotation="0" justify="lowerleft" flipped="False" hidden="False" data="10" />
    </sympin>
    <sympin number="11" originx="600" originy="500" rotation="90" length="100" width="7.8740157480315" flipped="False">
      <text name="pinname" originx="600" originy="470" style="Default" rotation="0" justify="right" flipped="False" hidden="False" data="PGND_2" />
      <text name="pindes" originx="580" originy="560" style="Default" rotation="0" justify="lowerleft" flipped="False" hidden="False" data="11" />
    </sympin>
    <sympin number="12" originx="600" originy="-900" rotation="270" length="100" width="7.8740157480315" flipped="False">
      <text name="pinname" originx="600" originy="-870" style="Default" rotation="0" justify="left" flipped="False" hidden="False" data="PGND_3" />
      <text name="pindes" originx="580" originy="-960" style="Default" rotation="0" justify="lowerright" flipped="False" hidden="False" data="12" />
    </sympin>
    <sympin number="13" originx="700" originy="-900" rotation="270" length="100" width="7.8740157480315" flipped="False">
      <text name="pinname" originx="700" originy="-870" style="Default" rotation="0" justify="left" flipped="False" hidden="False" data="PGND_4" />
      <text name="pindes" originx="680" originy="-960" style="Default" rotation="0" justify="lowerright" flipped="False" hidden="False" data="13" />
    </sympin>
    <sympin number="14" originx="800" originy="500" rotation="90" length="100" width="7.8740157480315" flipped="False">
      <text name="pinname" originx="800" originy="470" style="Default" rotation="0" justify="right" flipped="False" hidden="False" data="PGND_5" />
      <text name="pindes" originx="780" originy="560" style="Default" rotation="0" justify="lowerleft" flipped="False" hidden="False" data="14" />
    </sympin>
    <sympin number="15" originx="700" originy="500" rotation="90" length="100" width="7.8740157480315" flipped="False">
      <text name="pinname" originx="700" originy="470" style="Default" rotation="0" justify="right" flipped="False" hidden="False" data="PGND_6" />
      <text name="pindes" originx="680" originy="560" style="Default" rotation="0" justify="lowerleft" flipped="False" hidden="False" data="15" />
    </sympin>
  </symbol>
  <component name="TPS63001DRC" designatorprefix="IC" height="39.370078740157" footprint="TPS63002DRCT">
    <comppin designator="1" sympin="1" pinswap="0" gateswap="0" gate="1" group="1" side="" type="Any" name="VOUT" />
    <comppin designator="2" sympin="2" pinswap="0" gateswap="0" gate="1" group="1" side="" type="Any" name="L2" />
    <comppin designator="3" sympin="3" pinswap="0" gateswap="0" gate="1" group="1" side="" type="Any" name="PGND_1" />
    <comppin designator="4" sympin="4" pinswap="0" gateswap="0" gate="1" group="1" side="" type="Any" name="L1" />
    <comppin designator="5" sympin="5" pinswap="0" gateswap="0" gate="1" group="1" side="" type="Any" name="VIN" />
    <comppin designator="6" sympin="6" pinswap="0" gateswap="0" gate="1" group="1" side="" type="Any" name="EN" />
    <comppin designator="7" sympin="7" pinswap="0" gateswap="0" gate="1" group="1" side="" type="Any" name="PS/SYNC" />
    <comppin designator="8" sympin="8" pinswap="0" gateswap="0" gate="1" group="1" side="" type="Any" name="VINA" />
    <comppin designator="9" sympin="9" pinswap="0" gateswap="0" gate="1" group="1" side="" type="Any" name="GND" />
    <comppin designator="10" sympin="10" pinswap="0" gateswap="0" gate="1" group="1" side="" type="Any" name="FB" />
    <comppin designator="11" sympin="11" pinswap="0" gateswap="0" gate="1" group="1" side="" type="Any" name="PGND_2" />
    <comppin designator="12" sympin="12" pinswap="0" gateswap="0" gate="1" group="1" side="" type="Any" name="PGND_3" />
    <comppin designator="13" sympin="13" pinswap="0" gateswap="0" gate="1" group="1" side="" type="Any" name="PGND_4" />
    <comppin designator="14" sympin="14" pinswap="0" gateswap="0" gate="1" group="1" side="" type="Any" name="PGND_5" />
    <comppin designator="15" sympin="15" pinswap="0" gateswap="0" gate="1" group="1" side="" type="Any" name="PGND_6" />
    <attached_symbol gate="1" name="TPS63001DRC" />
    <pinmap designator="1" footprintpin="1" />
    <pinmap designator="2" footprintpin="2" />
    <pinmap designator="3" footprintpin="3" />
    <pinmap designator="4" footprintpin="4" />
    <pinmap designator="5" footprintpin="5" />
    <pinmap designator="6" footprintpin="6" />
    <pinmap designator="7" footprintpin="7" />
    <pinmap designator="8" footprintpin="8" />
    <pinmap designator="9" footprintpin="9" />
    <pinmap designator="10" footprintpin="10" />
    <pinmap designator="11" footprintpin="11" />
    <pinmap designator="12" footprintpin="12" />
    <pinmap designator="13" footprintpin="13" />
    <pinmap designator="14" footprintpin="14" />
    <pinmap designator="15" footprintpin="15" />
    <text name="Datasheet" originx="0" originy="0" style="Default" rotation="0" justify="" flipped="False" hidden="True" data="https://www.ti.com/lit/ds/symlink/tps63002.pdf?HQS=dis-mous-null-mousermode-dsf-pf-null-wwe&amp;ts=1627981401743&amp;ref_url=https%3A%2F%2Fwww.mouser.cn%2F" />
    <text name="Description" originx="0" originy="0" style="Default" rotation="0" justify="" flipped="False" hidden="True" data="TPS6300x High-Efficient Single Inductor Buck-Boost Converter With 1.8-A Switches" />
    <text name="Manufacturer_Name" originx="0" originy="0" style="Default" rotation="0" justify="" flipped="False" hidden="True" data="Texas Instruments" />
    <text name="Manufacturer_Part_Number" originx="1250" originy="600" style="Default" rotation="0" justify="left" flipped="False" hidden="False" data="TPS63001DRC" />
    <text name="Mouser Part Number" originx="0" originy="0" style="Default" rotation="0" justify="" flipped="False" hidden="True" data="" />
    <text name="Mouser Price/Stock" originx="0" originy="0" style="Default" rotation="0" justify="" flipped="False" hidden="True" data="" />
    <text name="Arrow Part Number" originx="0" originy="0" style="Default" rotation="0" justify="" flipped="False" hidden="True" data="" />
    <text name="Arrow Price/Stock" originx="0" originy="0" style="Default" rotation="0" justify="" flipped="False" hidden="True" data="" />
  </component>
</quadcept_library>
