<?xml version="1.0" encoding="utf-8"?>
<!--/952853/1244191/2.50/2/2/Inductor/-->
<quadcept_library>
  <setting unit="mil" />
  <textstyle name="Default" height="47.244094488189" strokewidth="7.8740157480315" charwidth="47.244094488189" />
  <textstyle name="Dimension" height="19.6850393700787" strokewidth="0" charwidth="19.6850393700787" />
  <textstyle name="H127W0635TH00762" height="50" strokewidth="3" charwidth="25" />
  <textstyle name="H15W15TH02" height="59.0551181102362" strokewidth="7.8740157480315" charwidth="59.0551181102362" />
  <padstyle name="r200_85" surface="True" plated="False" isvia="False" nopaste="False" nomask="True" complex="False" holesize="0">
    <padshape layer="TOP" shape="rectangle" width="33.464566929133" height="78.740157480314" />
    <padshape layer="TOP_SOLDER_MASK" shape="rectangle" width="41.338582677165" height="86.614173228345" />
    <padshape layer="TOP_SOLDER_PASTE" shape="rectangle" width="33.464566929133" height="78.740157480314" />
  </padstyle>
  <footprint name="VLS2520" originx="0" originy="0" pickpointx="0" pickpointy="0">
    <pcbpin number="1" name="1" style="r200_85" originx="-32.48031496063" originy="0" rotation="0" />
    <pcbpin number="2" name="2" style="r200_85" originx="32.48031496063" originy="0" rotation="0" />
    <line layer="TOP_ASSEMBLY" originx="-49.212598425196" originy="39.370078740157" endx="49.212598425196" endy="39.370078740157" width="7.8740157480314" />
    <line layer="TOP_ASSEMBLY" originx="49.212598425196" originy="39.370078740157" endx="49.212598425196" endy="-39.370078740157" width="7.8740157480314" />
    <line layer="TOP_ASSEMBLY" originx="49.212598425196" originy="-39.370078740157" endx="-49.212598425196" endy="-39.370078740157" width="7.8740157480314" />
    <line layer="TOP_ASSEMBLY" originx="-49.212598425196" originy="-39.370078740157" endx="-49.212598425196" endy="39.370078740157" width="7.8740157480314" />
    <arc layer="TOP_SILKSCREEN" originx="-65.944881889763" originy="0" startangle="180" sweepangle="180" radius="1.9685039370078" width="7.8740157480314" />
    <arc layer="TOP_SILKSCREEN" originx="-65.944881889763" originy="0" startangle="180" sweepangle="-180" radius="1.9685039370078" width="7.8740157480314" />
    <line layer="TOP_PLACE_BOUND" originx="-109.25196850394" originy="86.614173228345" endx="96.456692913385" endy="86.614173228345" width="1.9685039370079" />
    <line layer="TOP_PLACE_BOUND" originx="96.456692913385" originy="86.614173228345" endx="96.456692913385" endy="-86.614173228345" width="1.9685039370079" />
    <line layer="TOP_PLACE_BOUND" originx="96.456692913385" originy="-86.614173228345" endx="-109.25196850394" endy="-86.614173228345" width="1.9685039370079" />
    <line layer="TOP_PLACE_BOUND" originx="-109.25196850394" originy="-86.614173228345" endx="-109.25196850394" endy="86.614173228345" width="1.9685039370079" />
  </footprint>
  <symbol name="VLS252012HBX-3R3M-1" originx="0" originy="0">
    <arc originx="250" originy="-2" startangle="177.7" sweepangle="-175.4" radius="50" width="0" />
    <arc originx="350" originy="-2" startangle="177.7" sweepangle="-175.4" radius="50" width="0" />
    <arc originx="450" originy="-2" startangle="177.7" sweepangle="-175.4" radius="50" width="0" />
    <arc originx="550" originy="-2" startangle="177.7" sweepangle="-175.4" radius="50" width="0" />
    <sympin number="1" originx="200" originy="0" rotation="180" length="100" width="7.8740157480315" flipped="False">
      <text name="pinname" originx="0" originy="-10" style="Default" rotation="0" justify="upperleft" flipped="False" hidden="True" data="1" />
      <text name="pindes" originx="0" originy="10" style="Default" rotation="0" justify="lowerleft" flipped="False" hidden="False" data="1" />
    </sympin>
    <sympin number="2" originx="600" originy="0" rotation="0" length="100" width="7.8740157480315" flipped="False">
      <text name="pinname" originx="800" originy="-10" style="Default" rotation="0" justify="upperright" flipped="False" hidden="True" data="2" />
      <text name="pindes" originx="800" originy="10" style="Default" rotation="0" justify="lowerright" flipped="False" hidden="False" data="2" />
    </sympin>
  </symbol>
  <component name="VLS252012HBX-3R3M-1" designatorprefix="L" height="0" footprint="VLS2520">
    <comppin designator="1" sympin="1" pinswap="0" gateswap="0" gate="1" group="1" side="" type="Any" name="1" />
    <comppin designator="2" sympin="2" pinswap="0" gateswap="0" gate="1" group="1" side="" type="Any" name="2" />
    <attached_symbol gate="1" name="VLS252012HBX-3R3M-1" />
    <pinmap designator="1" footprintpin="1" />
    <pinmap designator="2" footprintpin="2" />
    <text name="Datasheet" originx="0" originy="0" style="Default" rotation="0" justify="" flipped="False" hidden="True" data="https://product.tdk.com/system/files/dam/doc/product/inductor/inductor/smd/catalog/inductor_commercial_power_vls252012hbx-1_en.pdf" />
    <text name="Description" originx="0" originy="0" style="Default" rotation="0" justify="" flipped="False" hidden="True" data="SMD / SMT Inductors (Coils), L=3.3?H, L x W x T :" />
    <text name="Manufacturer_Name" originx="0" originy="0" style="Default" rotation="0" justify="" flipped="False" hidden="True" data="TDK" />
    <text name="Manufacturer_Part_Number" originx="650" originy="150" style="Default" rotation="0" justify="left" flipped="False" hidden="False" data="VLS252012HBX-3R3M-1" />
    <text name="Mouser Part Number" originx="0" originy="0" style="Default" rotation="0" justify="" flipped="False" hidden="True" data="810-VLS25212HBX3R3M1" />
    <text name="Mouser Price/Stock" originx="0" originy="0" style="Default" rotation="0" justify="" flipped="False" hidden="True" data="https://www.mouser.co.uk/ProductDetail/TDK/VLS252012HBX-3R3M-1?qs=uwKJARvjadPUOfSwmfgIqA%3D%3D" />
    <text name="Arrow Part Number" originx="0" originy="0" style="Default" rotation="0" justify="" flipped="False" hidden="True" data="VLS252012HBX-3R3M-1" />
    <text name="Arrow Price/Stock" originx="0" originy="0" style="Default" rotation="0" justify="" flipped="False" hidden="True" data="https://www.arrow.com/en/products/vls252012hbx-3r3m-1/tdk?region=nac" />
  </component>
</quadcept_library>
