<?xml version="1.0" encoding="utf-8"?>
<!--/1678635/1244191/2.50/2/4/Inductor/-->
<quadcept_library>
  <setting unit="mil" />
  <textstyle name="Default" height="47.244094488189" strokewidth="7.8740157480315" charwidth="47.244094488189" />
  <textstyle name="Dimension" height="19.6850393700787" strokewidth="0" charwidth="19.6850393700787" />
  <textstyle name="H127W0635TH00762" height="50" strokewidth="3" charwidth="25" />
  <textstyle name="H15W15TH02" height="59.0551181102362" strokewidth="7.8740157480315" charwidth="59.0551181102362" />
  <padstyle name="r325_250" surface="True" plated="False" isvia="False" nopaste="False" nomask="True" complex="False" holesize="0">
    <padshape layer="TOP" shape="rectangle" width="98.425196850392" height="127.95275590551" />
    <padshape layer="TOP_SOLDER_MASK" shape="rectangle" width="106.29921259842" height="135.82677165354" />
    <padshape layer="TOP_SOLDER_PASTE" shape="rectangle" width="98.425196850392" height="127.95275590551" />
  </padstyle>
  <footprint name="46473C" originx="0" originy="0" pickpointx="0" pickpointy="0">
    <pcbpin number="1" name="1" style="r325_250" originx="-118.11023622047" originy="0" rotation="0" />
    <pcbpin number="2" name="2" style="r325_250" originx="118.11023622047" originy="0" rotation="0" />
    <line layer="TOP_ASSEMBLY" originx="-143.70078740157" originy="-143.70078740157" endx="143.70078740157" endy="-143.70078740157" width="7.8740157480314" />
    <line layer="TOP_ASSEMBLY" originx="143.70078740157" originy="-143.70078740157" endx="143.70078740157" endy="143.70078740157" width="7.8740157480314" />
    <line layer="TOP_ASSEMBLY" originx="143.70078740157" originy="143.70078740157" endx="-143.70078740157" endy="143.70078740157" width="7.8740157480314" />
    <line layer="TOP_ASSEMBLY" originx="-143.70078740157" originy="143.70078740157" endx="-143.70078740157" endy="-143.70078740157" width="7.8740157480314" />
    <line layer="TOP_SILKSCREEN" originx="-143.70078740157" originy="143.70078740157" endx="143.70078740157" endy="143.70078740157" width="3.9370078740157" />
    <line layer="TOP_SILKSCREEN" originx="143.70078740157" originy="143.70078740157" endx="143.70078740157" endy="143.70078740157" width="3.9370078740157" />
    <line layer="TOP_SILKSCREEN" originx="143.70078740157" originy="143.70078740157" endx="-143.70078740157" endy="143.70078740157" width="3.9370078740157" />
    <line layer="TOP_SILKSCREEN" originx="-143.70078740157" originy="143.70078740157" endx="-143.70078740157" endy="143.70078740157" width="3.9370078740157" />
    <line layer="TOP_SILKSCREEN" originx="-143.70078740157" originy="-143.70078740157" endx="143.70078740157" endy="-143.70078740157" width="3.9370078740157" />
    <line layer="TOP_SILKSCREEN" originx="143.70078740157" originy="-143.70078740157" endx="143.70078740157" endy="-143.70078740157" width="3.9370078740157" />
    <line layer="TOP_SILKSCREEN" originx="143.70078740157" originy="-143.70078740157" endx="-143.70078740157" endy="-143.70078740157" width="3.9370078740157" />
    <line layer="TOP_SILKSCREEN" originx="-143.70078740157" originy="-143.70078740157" endx="-143.70078740157" endy="-143.70078740157" width="3.9370078740157" />
    <line layer="TOP_PLACE_BOUND" originx="-244.09448818897" originy="183.07086614173" endx="206.69291338582" endy="183.07086614173" width="3.9370078740157" />
    <line layer="TOP_PLACE_BOUND" originx="206.69291338582" originy="183.07086614173" endx="206.69291338582" endy="-183.07086614173" width="3.9370078740157" />
    <line layer="TOP_PLACE_BOUND" originx="206.69291338582" originy="-183.07086614173" endx="-244.09448818897" endy="-183.07086614173" width="3.9370078740157" />
    <line layer="TOP_PLACE_BOUND" originx="-244.09448818897" originy="-183.07086614173" endx="-244.09448818897" endy="183.07086614173" width="3.9370078740157" />
    <line layer="TOP_SILKSCREEN" originx="-204.72440944882" originy="9.8425196850392" endx="-204.72440944882" endy="9.8425196850392" width="7.8740157480314" />
    <arc layer="TOP_SILKSCREEN" originx="-202.75590551181" originy="9.8425196850392" startangle="180.0" sweepangle="180.0" radius="1.9685039370078" width="7.8740157480314" />
    <line layer="TOP_SILKSCREEN" originx="-200.7874015748" originy="9.8425196850392" endx="-200.7874015748" endy="9.8425196850392" width="7.8740157480314" />
    <arc layer="TOP_SILKSCREEN" originx="-202.75590551181" originy="9.8425196850392" startangle=".0" sweepangle="180.0" radius="1.9685039370078" width="7.8740157480314" />
    <line layer="TOP_SILKSCREEN" originx="-204.72440944882" originy="9.8425196850392" endx="-204.72440944882" endy="9.8425196850392" width="7.8740157480314" />
    <arc layer="TOP_SILKSCREEN" originx="-202.75590551181" originy="9.8425196850392" startangle="180.0" sweepangle="180.0" radius="1.9685039370078" width="7.8740157480314" />
  </footprint>
  <symbol name="46473C" originx="0" originy="0">
    <arc originx="250" originy="-2" startangle="177.7" sweepangle="-175.4" radius="50" width="0" />
    <arc originx="350" originy="-2" startangle="177.7" sweepangle="-175.4" radius="50" width="0" />
    <arc originx="450" originy="-2" startangle="177.7" sweepangle="-175.4" radius="50" width="0" />
    <arc originx="550" originy="-2" startangle="177.7" sweepangle="-175.4" radius="50" width="0" />
    <sympin number="1" originx="200" originy="0" rotation="180" length="100" width="7.8740157480315" flipped="False">
      <text name="pinname" originx="0" originy="-10" style="Default" rotation="0" justify="upperleft" flipped="False" hidden="True" data="1" />
      <text name="pindes" originx="0" originy="10" style="Default" rotation="0" justify="lowerleft" flipped="False" hidden="False" data="1" />
    </sympin>
    <sympin number="2" originx="600" originy="0" rotation="0" length="100" width="7.8740157480315" flipped="False">
      <text name="pinname" originx="800" originy="-10" style="Default" rotation="0" justify="upperright" flipped="False" hidden="True" data="2" />
      <text name="pindes" originx="800" originy="10" style="Default" rotation="0" justify="lowerright" flipped="False" hidden="False" data="2" />
    </sympin>
  </symbol>
  <component name="46473C" designatorprefix="L" height="179.13385826771" footprint="46473C">
    <comppin designator="1" sympin="1" pinswap="0" gateswap="0" gate="1" group="1" side="" type="Any" name="1" />
    <comppin designator="2" sympin="2" pinswap="0" gateswap="0" gate="1" group="1" side="" type="Any" name="2" />
    <attached_symbol gate="1" name="46473C" />
    <pinmap designator="1" footprintpin="1" />
    <pinmap designator="2" footprintpin="2" />
    <text name="Datasheet" originx="0" originy="0" style="Default" rotation="0" justify="" flipped="False" hidden="True" data="https://www.arrow.com/en/products/46473c/murata-power-solutions" />
    <text name="Description" originx="0" originy="0" style="Default" rotation="0" justify="" flipped="False" hidden="True" data="Fixed Inductors 47uH 1.25A SMT" />
    <text name="Manufacturer_Name" originx="0" originy="0" style="Default" rotation="0" justify="" flipped="False" hidden="True" data="Murata Electronics" />
    <text name="Manufacturer_Part_Number" originx="650" originy="150" style="Default" rotation="0" justify="left" flipped="False" hidden="False" data="46473C" />
    <text name="Mouser Part Number" originx="0" originy="0" style="Default" rotation="0" justify="" flipped="False" hidden="True" data="580-46473C" />
    <text name="Mouser Price/Stock" originx="0" originy="0" style="Default" rotation="0" justify="" flipped="False" hidden="True" data="https://www.mouser.co.uk/ProductDetail/Murata-Power-Solutions/46473C?qs=ocmcTMnGEDjqFtLQ5twzfA%3D%3D" />
    <text name="Arrow Part Number" originx="0" originy="0" style="Default" rotation="0" justify="" flipped="False" hidden="True" data="46473C" />
    <text name="Arrow Price/Stock" originx="0" originy="0" style="Default" rotation="0" justify="" flipped="False" hidden="True" data="https://www.arrow.com/en/products/46473c/murata-power-solutions" />
  </component>
</quadcept_library>
